timestamp_ms,fps,frame_ms,gc_pause_ms,heap_used_mb,loaded_chunks,meshed_chunks,pending_mesh_jobs,pending_io_jobs,mesh_quads,main_thread_blocked_ms
106,0.00,9.951,3,67,40,0,16,10,0,0
207,0.00,12.447,4,136,130,4,48,10,28715,0
310,0.00,14.771,5,63,210,8,75,10,53536,0
412,0.00,13.010,0,327,290,12,104,10,80889,0
513,0.00,16.993,7,82,350,19,117,10,123041,0
614,0.00,13.298,3,258,420,30,135,10,206573,0
728,0.00,14.903,4,370,500,39,143,10,266861,0
830,0.00,15.470,4,513,570,48,145,10,333642,0
939,63.00,16.202,7,202,640,61,134,10,411266,0
1051,63.00,15.606,5,331,710,72,125,10,485107,0
1162,63.00,16.567,5,435,780,84,114,10,560246,0
1264,63.00,16.116,5,475,840,94,104,10,629698,0
1367,63.00,16.660,5,490,881,105,93,6,704987,0
1473,63.00,19.178,5,433,917,114,83,6,771296,0
1577,63.00,17.865,5,274,953,124,73,6,826865,0
1681,63.00,22.088,6,190,983,136,62,6,894523,0
1802,63.00,20.415,0,804,1019,147,51,6,970638,0
1919,55.00,24.423,6,604,1049,157,41,6,1035889,0
2034,55.00,21.804,7,449,1079,168,30,6,1102629,0
2135,55.00,25.693,5,295,1103,180,18,6,1175327,0
2243,55.00,25.348,0,911,1127,189,9,6,1244006,0
2365,55.00,39.547,14,444,1145,197,0,6,1292530,0
2488,55.00,27.013,0,450,1169,198,0,6,1298297,0
2601,55.00,29.049,0,458,1193,198,0,6,1298297,0
2721,55.00,31.282,0,466,1217,198,0,6,1298297,0
2843,55.00,31.684,0,480,1241,198,0,6,1298297,0
2974,35.00,32.839,0,488,1265,198,0,6,1298297,0
3104,35.00,32.191,0,494,1284,198,0,6,1298297,0
3225,35.00,32.636,0,500,1302,198,0,4,1298297,0
3326,35.00,32.043,0,506,1306,198,0,0,1298297,0
3455,35.00,31.106,0,506,1306,198,0,0,1298297,0
3583,35.00,31.198,0,506,1306,198,0,0,1298297,0
3690,35.00,15.008,0,506,1306,198,0,0,1298297,0
3797,35.00,32.470,0,554,1306,198,1,0,1298297,0
3919,30.00,32.269,0,594,1306,199,0,0,1304808,0
4049,30.00,32.127,0,594,1306,199,0,0,1304808,0
4177,30.00,31.651,0,596,1306,199,0,0,1304808,0
4278,30.00,31.807,0,644,1306,199,0,0,1304808,0
4399,30.00,32.858,0,644,1306,199,0,0,1304808,0
4530,30.00,31.976,0,644,1306,199,0,0,1304808,0
4660,30.00,32.639,0,644,1306,199,0,0,1304808,0
4762,30.00,32.232,0,696,1306,199,1,0,1304808,0
4885,30.00,31.757,0,722,1306,200,0,0,1309589,0
4985,31.00,34.190,0,722,1306,200,0,0,1309589,0
5115,31.00,31.780,0,724,1306,200,0,0,1309589,0
5247,31.00,31.835,0,766,1306,200,0,0,1309589,0
5373,31.00,31.459,0,766,1306,200,0,0,1309589,0
5505,31.00,32.200,0,766,1306,200,0,0,1309589,0
5636,31.00,33.889,0,768,1306,200,0,0,1309589,0
5737,31.00,31.694,0,814,1306,200,0,0,1309589,0
5864,31.00,31.819,0,816,1306,200,0,0,1309589,0
5995,31.00,32.631,0,816,1306,200,0,0,1309589,0
6125,31.00,32.312,0,816,1306,200,0,0,1309589,0
6227,31.00,33.545,0,850,1306,200,0,0,1309589,0
6353,31.00,32.703,0,856,1318,200,0,6,1309589,0
6484,31.00,32.814,0,858,1328,200,0,0,1309589,0
6615,31.00,32.075,0,858,1328,200,0,0,1309589,0
6725,31.00,32.272,8,248,1328,200,0,0,1309589,0
6848,31.00,31.722,0,248,1328,200,0,0,1309589,0
6978,31.00,33.138,0,248,1328,200,0,0,1309589,0
7106,31.00,32.025,0,250,1328,200,0,0,1309589,0
7234,31.00,32.025,0,252,1328,200,0,0,1309589,0
7363,31.00,32.225,0,252,1328,200,0,0,1309589,0
7495,31.00,32.138,0,252,1328,200,0,0,1309589,0
7622,31.00,31.993,0,252,1328,200,0,0,1309589,0
7748,31.00,32.161,0,254,1328,200,0,0,1309589,0
7878,31.00,32.647,0,254,1328,200,0,0,1309589,0
8006,31.00,31.777,0,256,1328,200,0,0,1309589,0
8133,31.00,31.180,0,256,1328,200,0,0,1309589,0
8262,31.00,33.395,0,258,1328,200,0,0,1309589,0
8388,31.00,31.392,0,258,1328,200,0,0,1309589,0
8516,31.00,31.420,0,258,1328,200,0,0,1309589,0
8648,31.00,31.100,0,304,1329,200,1,6,1309589,0
8771,31.00,31.482,0,352,1353,201,0,6,1316471,0
8897,31.00,31.368,0,352,1359,201,0,0,1316471,0
9027,31.00,34.183,0,352,1359,201,0,0,1316471,0
9157,31.00,32.545,0,438,1359,201,0,0,1316471,0
9284,31.00,33.000,0,438,1359,202,0,0,1323671,0
9413,31.00,32.244,0,442,1360,202,0,6,1323671,0
9540,31.00,33.167,0,444,1371,202,0,0,1323671,0
9675,31.00,36.635,0,830,1371,205,3,0,1346096,0
9801,31.00,31.423,0,892,1371,209,0,0,1378574,0
9930,31.00,31.419,0,892,1371,209,0,0,1378574,0
10055,31.00,31.250,0,892,1371,209,0,0,1378574,0
10185,31.00,31.836,5,237,1371,211,0,0,1391024,0
10312,31.00,32.377,0,237,1371,211,0,0,1391024,0
10441,31.00,32.046,0,239,1371,211,0,0,1391024,0
10570,31.00,33.299,0,303,1371,211,0,0,1391024,0
10694,31.00,31.428,0,303,1371,211,0,0,1391024,0
10824,31.00,33.589,0,303,1371,211,0,0,1391024,0
10954,31.00,31.621,0,307,1364,211,0,6,1391024,0
11063,31.00,31.972,0,385,1376,211,9,6,1391024,0
11187,31.00,33.467,0,723,1382,220,0,0,1439053,0
11318,31.00,32.345,0,725,1382,220,0,0,1439053,0
11445,31.00,32.801,0,725,1382,220,0,0,1439053,0
11550,31.00,32.693,0,783,1382,220,1,0,1439053,0
11676,31.00,31.537,0,805,1382,221,0,0,1443745,0
11809,31.00,33.027,0,805,1382,221,0,0,1443745,0
11941,31.00,34.248,0,805,1382,221,0,0,1443745,0
12041,31.00,31.969,0,833,1382,221,0,0,1443745,0
12171,31.00,32.579,0,833,1382,221,0,0,1443745,0
12272,31.00,33.068,0,835,1382,221,0,0,1443745,0
12404,31.00,32.375,0,835,1382,221,0,0,1443745,0
12505,31.00,33.518,0,835,1382,221,0,0,1443745,0
12609,31.00,35.498,0,983,1378,224,0,3,1456603,0
12710,31.00,32.777,0,983,1381,224,0,0,1456603,0
12810,31.00,33.641,0,983,1381,224,0,0,1456603,0
12913,29.00,35.243,0,983,1381,224,0,0,1456603,0
13015,29.00,34.390,0,985,1381,224,0,0,1456603,0
13120,29.00,36.783,6,265,1381,226,0,0,1465846,0
13223,29.00,34.203,0,267,1381,226,0,0,1465846,0
13327,29.00,33.954,0,267,1381,226,0,0,1465846,0
13430,29.00,33.839,0,267,1381,226,0,0,1465846,0
13533,29.00,33.963,0,267,1381,226,0,0,1465846,0
13636,29.00,35.553,0,295,1381,226,0,0,1465846,0
13740,29.00,34.892,0,299,1354,226,0,6,1465846,0
13843,29.00,34.704,0,303,1372,226,0,6,1465846,0
13947,30.00,33.451,0,305,1382,226,0,0,1465846,0
14051,30.00,34.007,0,305,1382,226,0,0,1465846,0
14158,30.00,37.238,0,485,1382,229,0,0,1485673,0
14262,30.00,34.744,0,485,1382,229,0,0,1485673,0
14370,30.00,35.059,0,485,1382,229,0,0,1485673,0
14476,30.00,34.620,0,485,1382,229,0,0,1485673,0
14580,30.00,34.382,0,489,1382,229,0,0,1485673,0
14686,30.00,38.655,0,571,1382,230,0,0,1491802,0
14789,30.00,34.667,0,571,1382,230,0,0,1491802,0
14894,30.00,33.272,0,571,1382,230,0,0,1491802,0
15005,28.00,37.227,0,571,1382,230,0,0,1491802,0
15111,28.00,34.322,0,571,1382,230,0,0,1491802,0
15216,28.00,36.903,0,709,1382,232,0,0,1505910,0
15320,28.00,35.155,0,709,1382,232,0,0,1505910,0
15427,28.00,34.734,0,709,1382,232,0,0,1505910,0
15529,28.00,35.263,0,709,1382,232,0,0,1505910,0
15635,28.00,34.820,0,709,1382,232,0,0,1505910,0
15741,28.00,36.026,0,795,1380,233,0,2,1513651,0
15846,28.00,34.212,0,795,1382,233,0,0,1513651,0
15951,28.00,34.973,0,797,1382,233,0,0,1513651,0
16055,28.00,34.256,0,797,1382,233,0,0,1513651,0
16162,28.00,34.436,0,797,1382,233,0,0,1513651,0
16262,28.00,35.293,0,799,1382,233,0,0,1513651,0
16396,28.00,34.546,0,799,1382,233,0,0,1513651,0
16499,28.00,34.348,0,799,1382,233,0,0,1513651,0
16603,28.00,33.883,0,799,1382,233,0,0,1513651,0
16713,28.00,34.194,0,871,1354,233,2,6,1513651,0
16815,28.00,34.258,0,973,1372,235,0,6,1529773,0
16915,29.00,32.828,0,973,1381,235,0,0,1529773,0
17016,29.00,32.877,0,975,1381,235,0,0,1529773,0
17120,29.00,34.765,0,975,1381,235,0,0,1529773,0
17221,29.00,32.646,0,981,1381,235,0,0,1529773,0
17350,29.00,31.832,0,981,1381,235,0,0,1529773,0
17450,29.00,34.463,0,983,1381,235,0,0,1529773,0
17581,29.00,33.422,0,983,1381,235,0,0,1529773,0
17713,29.00,31.470,0,983,1381,235,0,0,1529773,0
17835,29.00,34.054,0,983,1381,235,0,0,1529773,0
17965,31.00,31.856,0,991,1360,235,0,6,1529773,0
18097,31.00,32.052,0,995,1381,235,0,0,1529773,0
18200,31.00,31.642,0,1049,1381,235,1,0,1529773,0
18322,31.00,30.686,6,249,1381,236,0,0,1535688,0
18447,31.00,31.597,0,249,1381,236,0,0,1535688,0
18570,31.00,30.483,0,249,1381,236,0,0,1535688,0
18691,31.00,30.017,0,253,1381,236,0,0,1535688,0
18815,31.00,30.313,0,257,1369,236,0,6,1535688,0
18935,32.00,29.952,0,259,1382,236,0,0,1535688,0
19054,32.00,29.739,0,259,1382,236,0,0,1535688,0
19175,32.00,30.474,0,269,1382,236,0,0,1535688,0
19296,32.00,29.836,0,269,1382,236,0,0,1535688,0
19415,32.00,29.745,0,269,1382,236,0,0,1535688,0
19534,32.00,29.984,0,269,1382,236,0,0,1535688,0
19654,32.00,29.978,0,273,1361,236,0,6,1535688,0
19774,32.00,29.876,0,279,1382,236,0,0,1535688,0
19892,32.00,30.083,0,279,1382,236,0,0,1535688,0
20018,33.00,30.024,0,313,1382,236,1,0,1535688,0
20130,33.00,29.175,0,333,1381,237,0,1,1539786,0
20251,33.00,29.964,0,333,1382,237,0,0,1539786,0
20373,33.00,30.141,0,333,1382,237,0,0,1539786,0
20496,33.00,30.555,0,337,1382,237,0,0,1539786,0
20614,33.00,30.097,0,359,1361,237,0,6,1539786,0
20732,33.00,30.249,0,383,1382,237,0,0,1539786,0
20853,33.00,30.114,0,401,1382,237,0,0,1539786,0
20976,34.00,29.896,0,585,1382,240,0,0,1558833,0
21097,34.00,29.972,0,603,1382,240,0,0,1558833,0
21219,34.00,30.455,0,627,1369,240,0,6,1558833,0
21339,34.00,30.251,0,647,1381,240,0,0,1558833,0
21459,34.00,28.557,0,791,1381,242,0,0,1572048,0
21578,34.00,30.179,0,811,1381,242,0,0,1572048,0
21698,34.00,29.796,0,829,1381,242,0,0,1572048,0
21821,34.00,29.876,0,879,1381,242,1,0,1572048,0
21937,33.00,29.875,0,907,1381,243,0,0,1575943,0
22058,33.00,29.702,0,929,1360,243,0,6,1575943,0
22181,33.00,33.028,6,243,1382,243,0,0,1575943,0
22306,33.00,35.149,0,477,1382,245,1,0,1589767,0
22423,33.00,29.898,0,507,1382,247,0,0,1605456,0
22544,33.00,30.105,0,527,1382,247,0,0,1605456,0
22665,33.00,30.234,0,547,1382,247,0,0,1605456,0
22785,33.00,30.643,0,617,1382,248,0,0,1612239,0
22904,33.00,29.428,0,643,1358,248,0,6,1612239,0
23024,33.00,29.890,0,667,1382,248,0,0,1612239,0
23145,33.00,30.043,0,687,1382,248,0,0,1612239,0
23273,33.00,30.252,0,957,1382,252,0,0,1641854,0
23397,33.00,29.800,3,240,1382,252,0,0,1641854,0
23513,33.00,29.493,0,250,1382,252,0,0,1641854,0
23634,33.00,29.508,0,272,1382,252,1,0,1641854,0
23754,33.00,30.155,0,314,1343,253,0,6,1649309,0
23873,33.00,30.308,0,320,1367,253,0,6,1649309,0
23995,33.00,30.502,0,326,1379,253,0,2,1649309,0
24096,33.00,30.413,0,404,1381,253,6,0,1649309,0
24216,33.00,30.539,0,620,1381,259,0,0,1684363,0
24340,33.00,30.516,0,620,1381,259,0,0,1684363,0
24463,33.00,30.482,0,620,1381,259,0,0,1684363,0
24587,33.00,29.798,0,634,1381,259,0,0,1684363,0
24710,33.00,30.952,0,634,1381,259,0,0,1684363,0
24832,33.00,29.850,0,634,1381,259,0,0,1684363,0
24959,32.00,30.891,0,642,1375,259,0,6,1684363,0
25061,32.00,36.450,0,696,1382,259,0,0,1684363,0
25167,32.00,35.984,0,696,1382,260,0,0,1689243,0
25268,32.00,32.665,0,696,1382,260,0,0,1689243,0
25396,32.00,32.143,0,696,1382,260,0,0,1689243,0
25529,32.00,31.859,0,774,1374,260,2,6,1689243,0
25652,32.00,31.809,0,814,1382,262,0,0,1697276,0
25781,32.00,30.874,0,818,1366,262,0,6,1697276,0
25910,32.00,33.145,0,822,1381,262,0,0,1697276,0
26015,31.00,33.564,0,894,1381,262,3,0,1697276,0
26138,31.00,32.035,0,970,1375,265,0,6,1712171,0
26268,31.00,31.980,0,970,1382,265,0,0,1712171,0
26399,31.00,32.239,0,970,1382,265,0,0,1712171,0
26500,31.00,31.241,0,992,1382,265,1,0,1712171,0
26628,31.00,33.370,5,255,1374,266,0,6,1716866,0
26730,31.00,32.756,0,255,1382,266,0,0,1716866,0
26831,31.00,33.411,0,255,1382,266,0,0,1716866,0
26933,30.00,33.910,0,255,1382,266,0,0,1716866,0
27038,30.00,37.242,0,391,1382,269,0,0,1731651,0
27139,30.00,34.592,0,391,1382,269,0,0,1731651,0
27242,30.00,33.748,0,391,1382,269,0,0,1731651,0
27344,30.00,33.201,0,391,1382,269,0,0,1731651,0
27447,30.00,33.147,0,393,1346,269,0,6,1731651,0
27552,30.00,36.793,0,575,1364,269,2,6,1731651,0
27653,30.00,33.867,0,585,1381,272,0,0,1751216,0
27756,30.00,33.425,0,585,1381,272,0,0,1751216,0
27856,30.00,32.629,0,589,1369,272,0,6,1751216,0
27959,29.00,34.295,0,591,1381,272,0,0,1751216,0
28064,29.00,35.557,0,709,1381,272,0,0,1751216,0
28165,29.00,34.825,0,709,1381,274,0,0,1764953,0
28266,29.00,33.739,0,709,1381,274,0,0,1764953,0
28368,29.00,33.010,0,709,1381,274,0,0,1764953,0
28470,29.00,33.353,0,709,1381,274,0,0,1764953,0
28571,29.00,35.135,0,811,1381,274,0,0,1764953,0
28673,29.00,33.875,0,811,1381,276,0,0,1776512,0
28776,29.00,33.621,0,813,1362,276,0,6,1776512,0
28878,29.00,34.294,0,819,1380,276,0,2,1776512,0
28980,30.00,33.278,0,819,1382,276,0,0,1776512,0
29081,30.00,34.081,0,871,1382,276,1,0,1776512,0
29181,30.00,33.160,0,877,1382,277,0,0,1783583,0
29285,30.00,34.222,0,883,1367,277,0,6,1783583,0
29393,30.00,34.092,0,885,1381,277,0,0,1783583,0
29496,30.00,35.365,0,885,1381,277,0,0,1783583,0
29603,30.00,38.802,6,322,1365,277,0,6,1783583,0
29704,30.00,34.685,0,324,1377,280,0,1,1801867,0
29807,30.00,33.350,0,324,1378,280,0,0,1801867,0
29910,30.00,33.001,0,326,1378,280,0,0,1801867,0
30010,29.00,33.058,0,326,1378,280,0,0,1801867,0
30111,29.00,34.587,0,386,1378,280,0,0,1801867,0
30243,29.00,32.581,0,386,1378,281,0,0,1808554,0
30343,29.00,33.431,0,386,1378,281,0,0,1808554,0
30443,29.00,31.725,0,392,1364,281,0,6,1808554,0
30583,29.00,31.894,0,454,1380,281,4,0,1808554,0
30706,29.00,30.951,0,626,1380,285,0,0,1836736,0
30838,29.00,33.126,0,626,1380,285,0,0,1836736,0
30968,30.00,31.845,0,628,1380,285,0,0,1836736,0
31068,30.00,32.008,0,632,1380,285,0,0,1836736,0
31191,30.00,31.068,0,632,1380,285,0,0,1836736,0
31317,30.00,31.311,0,632,1380,285,0,0,1836736,0
31442,30.00,31.396,0,640,1345,285,0,6,1836736,0
31543,30.00,31.480,0,668,1363,285,1,6,1836736,0
31661,30.00,30.825,0,702,1377,286,0,0,1842506,0
31784,30.00,30.116,0,702,1377,286,0,0,1842506,0
31908,30.00,30.478,0,702,1377,286,0,0,1842506,0
32030,32.00,29.743,0,702,1377,286,0,0,1842506,0
32152,32.00,30.408,0,704,1377,286,0,0,1842506,0
32274,32.00,30.230,0,704,1377,286,0,0,1842506,0
32394,32.00,30.093,0,708,1359,286,0,6,1842506,0
32514,32.00,30.383,0,714,1380,286,0,0,1842506,0
32635,32.00,30.026,0,714,1380,286,0,0,1842506,0
32756,32.00,30.023,0,714,1380,286,0,0,1842506,0
32876,32.00,30.116,0,714,1380,286,0,0,1842506,0
32995,33.00,29.948,0,716,1380,286,0,0,1842506,0
33113,33.00,29.362,0,716,1380,286,0,0,1842506,0
33232,33.00,29.542,0,722,1358,286,0,6,1842506,0
33353,33.00,30.074,0,728,1380,286,0,0,1842506,0
33471,33.00,30.149,0,728,1380,286,0,0,1842506,0
33591,33.00,29.980,0,728,1380,286,0,0,1842506,0
33711,33.00,29.520,0,728,1380,286,0,0,1842506,0
33832,33.00,29.750,0,730,1380,286,0,0,1842506,0
33951,33.00,29.796,0,730,1380,286,0,0,1842506,0
34071,33.00,29.958,0,736,1353,286,0,6,1842506,0
34191,33.00,30.114,0,742,1377,286,0,2,1842506,0
34310,33.00,29.545,0,780,1379,287,0,0,1846961,0
34429,33.00,30.072,0,780,1379,287,0,0,1846961,0
34550,33.00,30.290,0,780,1379,287,0,0,1846961,0
34670,33.00,30.025,0,782,1379,287,0,0,1846961,0
34791,33.00,30.061,0,786,1381,287,0,1,1846961,0
34910,33.00,29.500,0,786,1382,287,0,0,1846961,0
35031,34.00,30.181,0,788,1353,287,0,6,1846961,0
35161,34.00,30.579,0,824,1377,287,1,5,1846961,0
35268,34.00,29.293,0,838,1382,288,0,0,1851746,0
35389,34.00,30.038,0,838,1382,288,0,0,1851746,0
35510,34.00,29.834,0,838,1382,288,0,0,1851746,0
35630,34.00,30.123,0,838,1382,288,0,0,1851746,0
35750,34.00,29.960,0,844,1374,288,0,6,1851746,0
35870,34.00,29.960,0,846,1382,288,0,0,1851746,0
35990,33.00,30.041,0,846,1382,288,0,0,1851746,0
36111,33.00,30.304,0,846,1382,288,0,0,1851746,0
36231,33.00,30.020,0,846,1382,288,0,0,1851746,0
36351,33.00,29.570,0,848,1382,288,0,0,1851746,0
36471,33.00,30.054,0,848,1382,288,0,0,1851746,0
36591,33.00,29.987,0,854,1373,288,0,6,1851746,0
36712,33.00,29.155,0,856,1382,288,0,0,1851746,0
36831,33.00,30.330,0,856,1382,288,0,0,1851746,0
36952,33.00,30.185,0,856,1382,288,0,0,1851746,0
37071,33.00,29.919,0,856,1382,288,0,0,1851746,0
37192,33.00,30.231,0,858,1382,288,0,0,1851746,0
37311,33.00,29.767,0,858,1382,288,0,0,1851746,0
37434,33.00,31.550,0,868,1364,288,0,6,1851746,0
37554,33.00,29.939,0,872,1382,288,0,0,1851746,0
37677,33.00,30.332,0,872,1382,288,0,0,1851746,0
37794,33.00,30.037,0,872,1382,288,0,0,1851746,0
37918,33.00,30.632,0,878,1382,288,0,0,1851746,0
38039,33.00,30.410,0,880,1382,288,0,0,1851746,0
38161,33.00,30.499,0,880,1382,288,0,0,1851746,0
38285,33.00,31.014,0,880,1382,288,0,0,1851746,0
38407,33.00,30.068,0,886,1365,288,0,6,1851746,0
38531,33.00,31.130,0,890,1382,288,0,0,1851746,0
38655,33.00,30.260,0,890,1382,288,0,0,1851746,0
38783,33.00,31.429,0,892,1382,288,0,0,1851746,0
38901,33.00,31.258,0,896,1368,288,0,6,1851746,0
39025,33.00,30.226,0,898,1381,288,0,0,1851746,0
39153,33.00,30.916,0,898,1381,288,0,0,1851746,0
39281,33.00,31.608,0,904,1381,288,0,0,1851746,0
39406,33.00,30.705,0,904,1381,288,0,0,1851746,0
39534,33.00,33.127,0,904,1381,288,0,0,1851746,0
39664,33.00,32.291,0,904,1381,288,0,0,1851746,0
39793,33.00,32.648,0,912,1372,288,0,6,1851746,0
39924,31.00,32.244,0,914,1382,288,0,0,1851746,0
40055,31.00,32.239,0,914,1382,288,0,0,1851746,0
40155,31.00,33.663,0,914,1382,288,0,0,1851746,0
40287,31.00,33.907,0,914,1382,288,0,0,1851746,0
40422,31.00,33.919,0,914,1382,288,0,0,1851746,0
40554,31.00,32.802,0,920,1352,288,0,6,1851746,0
40655,31.00,34.863,0,924,1370,288,0,6,1851746,0
40756,31.00,34.328,0,932,1382,288,0,0,1851746,0
40889,31.00,34.110,0,932,1382,288,0,0,1851746,0
40991,30.00,33.473,0,946,1382,288,0,0,1851746,0
41092,30.00,33.557,0,962,1378,288,0,4,1851746,0
41194,30.00,33.635,0,974,1382,288,0,0,1851746,0
41297,30.00,33.455,8,292,1382,288,0,0,1851746,0
41399,30.00,33.526,0,306,1382,288,0,0,1851746,0
41502,30.00,33.313,0,320,1382,288,0,0,1851746,0
41605,30.00,33.304,0,340,1365,288,0,6,1851746,0
41710,30.00,34.271,0,358,1382,288,0,0,1851746,0
41811,30.00,34.329,0,372,1382,288,0,0,1851746,0
41912,30.00,32.908,0,384,1382,288,0,0,1851746,0
42013,30.00,32.990,0,398,1382,288,0,0,1851746,0
42113,30.00,32.696,0,416,1369,288,0,6,1851746,0
42214,30.00,33.283,0,432,1382,288,0,0,1851746,0
42315,30.00,34.394,0,446,1382,288,0,0,1851746,0
42416,30.00,34.392,0,460,1382,288,0,0,1851746,0
42519,30.00,35.372,0,474,1382,288,0,0,1851746,0
42620,30.00,32.698,0,488,1382,288,0,0,1851746,0
42721,30.00,33.453,0,502,1382,288,0,0,1851746,0
42826,30.00,35.485,0,516,1382,288,0,0,1851746,0
42958,29.00,34.276,0,540,1361,288,0,6,1851746,0
43059,29.00,34.759,0,558,1379,288,0,3,1851746,0
43159,29.00,33.630,0,572,1382,288,0,0,1851746,0
43264,29.00,33.762,0,586,1382,288,0,0,1851746,0
43394,29.00,33.627,0,606,1382,288,0,0,1851746,0
43527,29.00,33.714,0,626,1382,288,0,0,1851746,0
43627,29.00,31.845,0,640,1382,288,0,0,1851746,0
43761,29.00,32.721,0,664,1352,288,0,6,1851746,0
43887,29.00,31.685,0,692,1376,288,0,6,1851746,0
44018,30.00,33.655,0,714,1382,288,0,0,1851746,0
44145,30.00,31.676,0,734,1382,288,0,0,1851746,0
44269,30.00,30.814,0,744,1382,288,0,0,1851746,0
44399,30.00,33.462,0,748,1382,288,0,0,1851746,0
44526,30.00,33.198,0,748,1382,288,0,0,1851746,0
44652,30.00,31.846,0,748,1382,288,0,0,1851746,0
44778,30.00,33.564,0,752,1359,288,0,6,1851746,0
44903,30.00,32.319,0,758,1382,288,0,0,1851746,0
45030,32.00,33.090,0,758,1382,288,0,0,1851746,0
45155,32.00,32.987,0,758,1382,288,0,0,1851746,0
45277,32.00,30.004,0,758,1382,288,0,0,1851746,0
45400,32.00,31.584,0,764,1375,288,0,6,1851746,0
45521,32.00,29.883,0,764,1382,288,0,0,1851746,0
45643,32.00,29.919,0,764,1382,288,0,0,1851746,0
45761,32.00,30.067,0,766,1382,288,0,0,1851746,0
45882,32.00,30.089,0,766,1382,288,0,0,1851746,0
46002,33.00,30.151,0,766,1382,288,0,0,1851746,0
46121,33.00,29.640,0,766,1382,288,0,0,1851746,0
46241,33.00,29.747,0,774,1373,288,0,6,1851746,0
46359,33.00,29.388,0,774,1382,288,0,0,1851746,0
46478,33.00,29.728,0,776,1382,288,0,0,1851746,0
46599,33.00,30.341,0,776,1382,288,0,0,1851746,0
46721,33.00,29.417,0,776,1382,288,0,0,1851746,0
46839,33.00,30.012,0,776,1382,288,0,0,1851746,0
46958,33.00,29.848,0,776,1382,288,0,0,1851746,0
47078,33.00,30.194,0,784,1364,288,0,6,1851746,0
47198,33.00,29.350,0,788,1382,288,0,0,1851746,0
47318,33.00,30.257,0,788,1382,288,0,0,1851746,0
47438,33.00,29.939,0,788,1382,288,0,0,1851746,0
47559,33.00,30.011,0,790,1372,288,0,6,1851746,0
47679,33.00,30.515,0,792,1382,288,0,0,1851746,0
47798,33.00,29.716,0,792,1382,288,0,0,1851746,0
47918,33.00,30.487,0,792,1382,288,0,0,1851746,0
48038,33.00,29.128,0,796,1359,288,0,6,1851746,0
48159,33.00,29.909,0,802,1382,288,0,0,1851746,0
48278,33.00,30.048,0,802,1382,288,0,0,1851746,0
48398,33.00,29.047,0,802,1382,288,0,0,1851746,0
48518,33.00,30.021,0,802,1382,288,0,0,1851746,0
48638,33.00,30.438,0,810,1380,288,0,1,1851746,0
48758,33.00,29.857,0,810,1381,288,0,0,1851746,0
48879,33.00,30.235,0,810,1381,288,0,0,1851746,0
48998,34.00,29.951,0,810,1381,288,0,0,1851746,0
49119,34.00,30.032,0,810,1381,288,0,0,1851746,0
49239,34.00,30.478,0,812,1381,288,0,0,1851746,0
49358,34.00,29.836,0,812,1381,288,0,0,1851746,0
49479,34.00,30.055,0,820,1372,288,0,6,1851746,0
49600,34.00,30.368,0,820,1382,288,0,0,1851746,0
49720,34.00,30.338,0,822,1382,288,0,0,1851746,0
49839,34.00,29.881,0,822,1382,288,0,0,1851746,0
49959,33.00,29.757,0,822,1382,288,0,0,1851746,0
50079,33.00,29.956,0,822,1382,288,0,0,1851746,0
50200,33.00,30.380,0,824,1346,288,0,6,1851746,0
50320,33.00,30.303,0,832,1370,288,0,6,1851746,0
50441,33.00,30.023,0,834,1382,288,0,0,1851746,0
50561,33.00,29.598,0,834,1382,288,0,0,1851746,0
50681,33.00,30.170,0,834,1382,288,0,0,1851746,0
50801,33.00,30.162,0,838,1382,288,0,0,1851746,0
50923,33.00,30.034,0,838,1382,288,0,0,1851746,0
51046,33.00,30.367,0,838,1382,288,0,0,1851746,0
51168,33.00,31.042,0,838,1382,288,0,0,1851746,0
51290,33.00,30.052,0,844,1365,288,0,6,1851746,0
51416,33.00,30.903,0,848,1382,288,0,0,1851746,0
51540,33.00,31.812,0,848,1382,288,0,0,1851746,0
51663,33.00,30.074,0,848,1382,288,0,0,1851746,0
51790,33.00,30.899,0,854,1375,288,0,6,1851746,0
51914,32.00,30.934,0,854,1382,288,0,0,1851746,0
52040,32.00,31.926,0,854,1382,288,0,0,1851746,0
52167,32.00,30.652,0,856,1382,288,0,0,1851746,0
52298,32.00,33.395,0,856,1382,288,0,0,1851746,0
52426,32.00,31.960,0,856,1382,288,0,0,1851746,0
52557,32.00,33.729,0,858,1355,288,0,6,1851746,0
52687,32.00,32.610,0,864,1379,288,0,3,1851746,0
52817,32.00,32.190,0,864,1382,288,0,0,1851746,0
52919,31.00,33.980,0,864,1382,288,0,0,1851746,0
53049,31.00,33.941,0,866,1382,288,0,0,1851746,0
53182,31.00,34.321,0,866,1382,288,0,0,1851746,0
53315,31.00,33.753,0,866,1382,288,0,0,1851746,0
53416,31.00,34.548,0,870,1352,288,0,6,1851746,0
53549,31.00,33.865,0,878,1376,288,0,6,1851746,0
53649,31.00,34.479,0,878,1382,288,0,0,1851746,0
53782,31.00,34.107,0,878,1382,288,0,0,1851746,0
53884,31.00,34.892,0,878,1382,288,0,0,1851746,0
53986,30.00,33.728,0,882,1382,288,0,0,1851746,0
54086,30.00,33.466,0,882,1382,288,0,0,1851746,0
54189,30.00,33.697,0,882,1382,288,0,0,1851746,0
54292,30.00,33.980,0,882,1382,288,0,0,1851746,0
54395,30.00,34.126,0,882,1382,288,0,0,1851746,0
54505,30.00,33.911,10,306,1365,288,0,6,1851746,0
54632,30.00,34.773,0,310,1382,288,0,0,1851746,0
54765,30.00,33.919,0,310,1382,288,0,0,1851746,0
54865,30.00,32.848,0,310,1382,288,0,0,1851746,0
54969,30.00,32.648,0,314,1369,288,0,6,1851746,0
55100,30.00,35.209,0,316,1382,288,0,0,1851746,0
55200,30.00,33.224,0,316,1382,288,0,0,1851746,0
55303,30.00,31.678,0,316,1382,288,0,0,1851746,0
55435,30.00,33.927,0,316,1382,288,0,0,1851746,0
55537,30.00,33.235,0,316,1382,288,0,0,1851746,0
55641,30.00,32.762,0,316,1382,288,0,0,1851746,0
55772,30.00,34.267,0,322,1361,288,0,6,1851746,0
55874,30.00,35.056,0,326,1379,288,0,3,1851746,0
55977,30.00,33.113,0,326,1382,288,0,0,1851746,0
56077,30.00,35.771,0,326,1382,288,0,0,1851746,0
56206,30.00,33.649,0,326,1382,288,0,0,1851746,0
56306,30.00,32.225,0,326,1382,288,0,0,1851746,0
56436,30.00,32.650,0,326,1382,288,0,0,1851746,0
56567,30.00,31.921,0,330,1346,288,0,6,1851746,0
56667,30.00,35.010,0,334,1364,288,0,6,1851746,0
56767,30.00,33.827,0,338,1382,288,0,0,1851746,0
56895,30.00,31.631,0,340,1382,288,0,0,1851746,0
57024,30.00,31.691,0,340,1382,288,0,0,1851746,0
57152,30.00,30.343,0,342,1382,288,0,0,1851746,0
57281,30.00,33.394,0,342,1382,288,0,0,1851746,0
57409,30.00,33.174,0,342,1382,288,0,0,1851746,0
57533,30.00,32.712,0,342,1382,288,0,0,1851746,0
57661,30.00,31.607,0,350,1365,288,0,6,1851746,0
57787,30.00,31.222,0,352,1382,288,0,0,1851746,0
57915,30.00,31.248,0,352,1382,288,0,0,1851746,0
58036,32.00,32.240,0,352,1382,288,0,0,1851746,0
58159,32.00,30.258,0,360,1375,288,0,6,1851746,0
58279,32.00,30.060,0,360,1382,288,0,0,1851746,0
58399,32.00,30.278,0,360,1382,288,0,0,1851746,0
58522,32.00,30.140,0,360,1382,288,0,0,1851746,0
58641,32.00,30.091,0,360,1382,288,0,0,1851746,0
58762,32.00,30.384,0,360,1382,288,0,0,1851746,0
58883,32.00,30.113,0,360,1382,288,0,0,1851746,0
59002,32.00,29.535,0,366,1367,288,0,6,1851746,0
59122,32.00,29.572,0,370,1382,288,0,0,1851746,0
59241,32.00,29.934,0,370,1382,288,0,0,1851746,0
59362,32.00,30.036,0,370,1382,288,0,0,1851746,0
59482,32.00,30.007,0,370,1382,288,0,0,1851746,0
59601,32.00,29.676,0,372,1382,288,0,0,1851746,0
59721,32.00,29.853,0,372,1382,288,0,0,1851746,0
59841,32.00,30.327,0,380,1364,288,0,6,1851746,0
59944,34.00,29.673,0,384,1382,288,0,0,1851746,0
