timestamp_ms,fps,frame_ms,gc_pause_ms,heap_used_mb,loaded_chunks,meshed_chunks,pending_mesh_jobs,pending_io_jobs,mesh_quads,main_thread_blocked_ms,bytes_written_total,chunks_saved_total,io_flush_ms
105,0.00,46.585,2,43,10,0,3,0,0,0,0,0,0
233,0.00,21.381,22,94,50,0,21,0,0,0,0,0,0
342,0.00,10.253,8,211,118,3,43,0,34097,0,0,0,0
476,0.00,9.313,26,214,188,6,66,0,60434,0,0,0,0
585,0.00,42.024,20,261,258,10,89,0,94044,0,0,0,0
716,0.00,14.023,23,324,348,14,118,0,126023,0,0,0,0
823,0.00,15.045,0,542,438,19,143,0,163573,0,0,0,0
938,52.00,11.549,25,548,508,24,154,0,201813,0,0,0,0
1064,52.00,49.317,36,588,578,31,153,0,248906,0,0,0,0
1165,52.00,15.925,0,866,658,40,150,0,310630,0,0,0,0
1273,52.00,12.738,42,707,708,43,148,0,329998,0,0,0,0
1379,52.00,14.192,0,1081,788,55,139,0,404450,0,0,0,0
1494,52.00,15.520,56,1056,838,63,131,0,458810,0,0,0,0
1601,52.00,15.169,0,1340,908,72,123,0,524777,0,0,0,0
1760,52.00,77.312,66,1145,963,83,111,0,594695,0,0,0,0
1866,52.00,18.543,30,769,995,95,100,0,678282,0,0,0,0
2043,55.00,81.108,71,727,1031,116,80,0,809085,0,0,0,0
2155,55.00,22.120,0,1227,1067,137,59,0,941167,0,0,0,0
2281,55.00,99.031,79,899,1079,144,52,0,985872,0,0,0,0
2385,55.00,26.578,0,1389,1109,162,34,0,1104866,0,0,0,0
2489,55.00,7.068,76,1066,1120,165,30,0,1127853,0,0,0,0
2599,55.00,28.858,0,1670,1145,184,10,0,1245096,0,0,0,0
2731,55.00,8.723,100,1357,1157,190,6,0,1277419,0,0,0,0
2852,55.00,91.870,2,1273,1175,196,0,0,1304533,0,0,0,0
2955,30.00,26.377,0,1287,1199,196,0,0,1304533,0,0,0,0
3076,30.00,31.371,0,1303,1223,196,0,0,1304533,0,0,0,0
3200,30.00,31.630,0,1317,1247,196,0,0,1304533,0,0,0,0
3304,30.00,35.206,0,1341,1265,196,0,0,1304533,0,0,0,0
3437,30.00,34.902,0,1347,1281,196,0,0,1304533,0,0,0,0
3541,30.00,33.998,0,1347,1281,196,0,0,1304533,0,0,0,0
3648,30.00,34.758,0,1349,1281,196,0,0,1304533,0,0,0,0
3751,30.00,36.850,0,1349,1281,196,0,0,1304533,0,0,0,0
3855,30.00,35.712,0,1373,1281,197,0,0,1310658,0,0,0,0
3960,30.00,35.843,0,1373,1281,197,0,0,1310658,0,0,0,0
4066,30.00,34.882,0,1373,1281,197,0,0,1310658,0,0,0,0
4168,30.00,65.999,0,1373,1281,197,0,0,1310658,0,0,0,0
4274,30.00,44.116,0,1373,1281,197,0,0,1310658,0,0,0,0
4385,30.00,34.466,0,1423,1281,197,0,0,1310658,0,0,0,0
4485,30.00,34.434,0,1423,1281,197,0,0,1310658,0,0,0,0
4592,30.00,34.978,0,1423,1281,197,0,0,1310658,0,0,0,0
4697,30.00,34.157,0,1423,1281,197,0,0,1310658,0,0,0,0
4805,30.00,35.112,0,1423,1281,197,0,0,1310658,0,0,0,0
4912,30.00,34.524,0,1493,1281,197,0,0,1310658,0,0,0,0
5013,28.00,34.505,0,1493,1281,197,0,0,1310658,0,0,0,0
5121,28.00,35.520,0,1493,1281,197,0,0,1310658,0,0,0,0
5228,28.00,34.768,0,1493,1281,197,0,0,1310658,0,0,0,0
5330,28.00,34.953,0,1495,1281,197,0,0,1310658,0,0,0,0
5440,28.00,34.724,0,1513,1281,197,0,0,1310658,0,0,0,0
5541,28.00,34.251,0,1515,1281,197,0,0,1310658,0,0,0,0
5649,28.00,34.965,0,1515,1281,197,0,0,1310658,0,0,0,0
5752,28.00,34.050,0,1515,1281,197,0,0,1310658,0,0,0,0
5855,28.00,33.541,0,1515,1281,197,0,0,1310658,0,0,0,0
5957,28.00,34.735,0,1525,1281,197,0,0,1310658,0,0,0,0
6060,28.00,34.657,0,1525,1281,197,0,0,1310658,0,0,0,0
6164,28.00,33.379,0,1529,1281,197,0,0,1310658,0,0,0,0
6269,28.00,33.858,0,1537,1293,197,0,0,1310658,0,0,0,0
6373,28.00,33.907,0,1545,1311,197,0,0,1310658,0,0,0,0
6478,28.00,33.865,0,1591,1313,197,0,0,1310658,0,0,0,0
6578,28.00,34.727,0,1593,1313,197,0,0,1310658,0,0,0,0
6681,28.00,35.012,0,1593,1313,197,0,0,1310658,0,0,0,0
6783,28.00,34.809,0,1593,1313,197,0,0,1310658,0,0,0,0
6884,28.00,33.672,0,1593,1313,197,0,0,1310658,0,0,0,0
6990,30.00,33.129,0,1623,1313,197,1,0,1310658,0,0,0,0
7117,30.00,32.183,0,1633,1313,198,0,0,1316433,0,0,0,0
7218,30.00,35.843,0,1633,1313,198,0,0,1316433,0,0,0,0
7320,30.00,34.432,0,1635,1313,198,0,0,1316433,0,0,0,0
7422,30.00,32.290,0,1635,1313,198,0,0,1316433,0,0,0,0
7553,30.00,34.854,0,1667,1313,199,0,0,1322781,0,0,0,0
7654,30.00,32.006,0,1667,1313,199,0,0,1322781,0,0,0,0
7782,30.00,32.375,0,1669,1313,199,0,0,1322781,0,0,0,0
7884,30.00,34.100,0,1669,1313,199,0,0,1322781,0,0,0,0
7984,30.00,31.809,0,1671,1313,199,0,0,1322781,0,0,0,0
8084,30.00,33.831,0,1671,1313,199,0,0,1322781,0,0,0,0
8218,30.00,33.754,0,1671,1313,199,0,0,1322781,0,0,0,0
8348,30.00,34.251,0,1671,1313,199,0,0,1322781,0,0,0,0
8491,30.00,34.093,0,1673,1313,199,0,0,1322781,0,0,0,0
8611,30.00,34.535,0,1673,1313,199,0,0,1322781,0,0,0,0
8742,30.00,33.960,0,1689,1328,199,0,0,1322781,0,1235,3,5
8842,30.00,32.386,0,1699,1346,199,0,0,1322781,0,1235,3,5
8942,30.00,34.068,0,1699,1348,199,0,0,1322781,0,1235,3,5
9073,30.00,32.108,0,1763,1348,201,0,0,1334815,0,1235,3,5
9173,30.00,33.643,0,1763,1348,201,0,0,1334815,0,1235,3,5
9307,30.00,34.048,0,1763,1348,201,0,0,1334815,0,1235,3,5
9439,30.00,33.899,0,1779,1361,201,0,0,1334815,0,4085,8,8
9540,30.00,34.371,0,1849,1368,203,0,0,1348208,0,4085,8,8
9640,30.00,31.258,0,1851,1368,203,0,0,1348208,0,4085,8,8
9770,30.00,31.647,0,1851,1368,203,0,0,1348208,0,4085,8,8
9900,30.00,31.182,0,1851,1368,203,0,0,1348208,0,4085,8,8
10005,30.00,36.232,0,1945,1368,206,0,0,1368493,0,4085,8,8
10133,30.00,32.633,0,1945,1368,206,0,0,1368493,0,4085,8,8
10265,30.00,33.407,0,1945,1368,206,0,0,1368493,0,4085,8,8
10394,30.00,31.693,0,1945,1368,206,0,0,1368493,0,4085,8,8
10494,30.00,32.104,0,1959,1368,206,0,0,1368493,0,4085,8,8
10622,30.00,33.034,0,1961,1368,206,0,0,1368493,0,4085,8,8
10751,30.00,31.694,0,1961,1368,206,0,0,1368493,0,4085,8,8
10878,30.00,33.553,0,1963,1370,206,0,0,1368493,0,4085,8,8
10984,31.00,32.288,0,1989,1362,206,0,0,1368493,0,8288,16,11
11091,31.00,42.341,29,679,1380,206,0,0,1368493,0,8288,16,11
11222,31.00,33.920,0,679,1382,206,0,0,1368493,0,8288,16,11
11351,31.00,31.615,0,679,1382,206,0,0,1368493,0,8288,16,11
11453,31.00,31.215,0,745,1382,206,1,0,1368493,0,8288,16,11
11579,31.00,31.155,0,755,1382,207,0,0,1376144,0,8288,16,11
11710,31.00,33.177,0,755,1382,207,0,0,1376144,0,8288,16,11
11839,31.00,31.245,0,755,1382,207,0,0,1376144,0,8288,16,11
11939,30.00,32.667,0,767,1382,207,0,0,1376144,0,8288,16,11
12070,30.00,33.119,0,767,1382,207,0,0,1376144,0,8288,16,11
12180,30.00,36.118,0,767,1382,207,0,0,1376144,0,8288,16,11
12311,30.00,31.979,0,767,1382,207,0,0,1376144,0,8288,16,11
12412,30.00,33.715,0,767,1382,207,0,0,1376144,0,8288,16,11
12517,30.00,34.055,0,777,1366,207,0,0,1376144,0,17320,32,15
12645,30.00,33.969,0,783,1382,207,0,0,1376144,0,17320,32,15
12746,30.00,32.874,0,783,1382,207,0,0,1376144,0,17320,32,15
12847,30.00,33.786,0,783,1382,207,0,0,1376144,0,17320,32,15
12953,30.00,33.991,0,807,1382,207,0,0,1376144,0,17320,32,15
13081,30.00,32.559,0,807,1382,207,0,0,1376144,0,17320,32,15
13184,30.00,33.945,0,807,1382,207,0,0,1376144,0,17320,32,15
13286,30.00,34.575,0,807,1382,207,0,0,1376144,0,17320,32,15
13387,30.00,35.034,0,807,1382,207,0,0,1376144,0,17320,32,15
13490,30.00,34.541,0,807,1382,207,0,0,1376144,0,17320,32,15
13592,30.00,34.452,0,807,1382,207,0,0,1376144,0,17320,32,15
13693,30.00,33.335,0,807,1382,207,0,0,1376144,0,17320,32,15
13794,30.00,33.956,0,819,1361,207,0,0,1376144,0,32472,59,30
13905,30.00,34.558,0,827,1379,207,0,0,1376144,0,32472,59,30
14015,29.00,36.145,0,859,1382,207,0,0,1376144,0,32472,59,30
14149,29.00,35.063,0,861,1382,207,0,0,1376144,0,32472,59,30
14254,29.00,35.764,0,861,1382,207,0,0,1376144,0,32472,59,30
14358,29.00,34.266,0,861,1382,207,0,0,1376144,0,32472,59,30
14461,29.00,33.591,0,861,1382,207,0,0,1376144,0,32472,59,30
14595,29.00,35.316,0,883,1382,207,0,0,1376144,0,37023,66,33
14700,29.00,31.813,0,883,1382,207,0,0,1376144,0,37023,66,33
14809,29.00,35.936,0,883,1382,207,0,0,1376144,0,37023,66,33
14917,29.00,36.004,0,883,1382,207,0,0,1376144,0,37023,66,33
15026,29.00,37.895,0,883,1382,207,0,0,1376144,0,37023,66,33
15126,29.00,33.375,0,885,1382,207,0,0,1376144,0,37023,66,33
15230,29.00,35.289,0,885,1382,207,0,0,1376144,0,37023,66,33
15337,29.00,34.770,0,885,1382,207,0,0,1376144,0,37023,66,33
15440,29.00,35.664,0,885,1382,207,0,0,1376144,0,37023,66,33
15544,29.00,34.484,0,885,1382,207,0,0,1376144,0,37023,66,33
15649,29.00,35.554,0,885,1382,207,0,0,1376144,0,37023,66,33
15750,29.00,34.315,0,895,1379,207,0,0,1376144,0,45401,81,38
15858,29.00,35.160,0,895,1382,207,0,0,1376144,0,45401,81,38
15962,28.00,33.886,0,895,1382,207,0,0,1376144,0,45401,81,38
16078,28.00,35.187,0,959,1382,207,2,0,1376144,0,45401,81,38
16210,28.00,33.967,0,979,1382,209,0,0,1391072,0,45401,81,38
16313,28.00,33.194,0,979,1382,209,0,0,1391072,0,45401,81,38
16417,28.00,35.746,0,979,1382,209,0,0,1391072,0,45401,81,38
16519,28.00,34.870,0,979,1382,209,0,0,1391072,0,45401,81,38
16621,28.00,34.589,0,983,1382,209,0,0,1391072,0,45401,81,38
16731,28.00,44.644,0,997,1361,209,0,0,1391072,0,63549,114,50
16831,28.00,34.948,0,1005,1379,209,0,0,1391072,0,63549,114,50
16933,29.00,33.538,0,1007,1382,209,0,0,1391072,0,63549,114,50
17037,29.00,33.617,0,1007,1382,209,0,0,1391072,0,63549,114,50
17147,29.00,37.117,0,1123,1382,211,0,0,1407194,0,63549,114,50
17277,29.00,34.105,0,1123,1382,211,0,0,1407194,0,63549,114,50
17377,29.00,33.112,0,1123,1382,211,0,0,1407194,0,63549,114,50
17479,29.00,33.009,0,1123,1382,211,0,0,1407194,0,63549,114,50
17620,29.00,32.049,0,1181,1382,211,7,0,1407194,0,63549,114,50
17751,29.00,33.782,0,1273,1382,218,0,0,1448273,0,63549,114,50
17899,29.00,34.365,0,1281,1343,218,0,0,1448273,0,82431,153,61
18017,30.00,31.982,0,1297,1367,218,0,0,1448273,0,82431,153,61
18124,30.00,34.078,0,1389,1382,218,1,0,1448273,0,82431,153,61
18246,30.00,32.104,0,1391,1382,220,0,0,1458209,0,82431,153,61
18375,30.00,33.425,0,1391,1382,220,0,0,1458209,0,82431,153,61
18503,30.00,32.719,0,1391,1382,220,0,0,1458209,0,82431,153,61
18603,30.00,31.420,0,1451,1382,220,5,0,1458209,0,82431,153,61
18724,30.00,31.080,0,1507,1382,225,0,0,1489394,0,82431,153,61
18849,30.00,30.473,0,1519,1375,225,0,0,1489394,0,91091,172,67
18973,31.00,31.107,0,1521,1382,225,0,0,1489394,0,91091,172,67
19074,31.00,30.140,0,1579,1382,225,0,0,1489394,0,91091,172,67
19190,31.00,30.320,0,1579,1382,228,0,0,1502561,0,91091,172,67
19312,31.00,30.398,0,1579,1382,228,0,0,1502561,0,91091,172,67
19433,31.00,30.320,0,1579,1382,228,0,0,1502561,0,91091,172,67
19557,31.00,32.559,0,1707,1382,232,0,0,1525851,0,91091,172,67
19662,31.00,32.254,0,1715,1355,234,0,0,1538020,0,104411,199,78
19772,31.00,29.819,0,1727,1379,234,0,0,1538020,0,104411,199,78
19890,31.00,29.822,0,1729,1382,234,0,0,1538020,0,104411,199,78
20016,32.00,33.992,0,1795,1382,237,0,0,1550755,0,104411,199,78
20129,32.00,28.873,0,1799,1381,237,0,0,1550755,0,108622,206,80
20249,32.00,30.004,0,1799,1382,237,0,0,1550755,0,108622,206,80
20369,32.00,29.776,0,1801,1382,237,0,0,1550755,0,108622,206,80
20493,32.00,29.330,0,1827,1382,238,0,0,1555210,0,108622,206,80
20595,32.00,29.989,0,1845,1355,238,0,0,1555210,0,123406,233,90
20707,32.00,30.559,0,1877,1379,238,0,0,1555210,0,123406,233,90
20826,32.00,29.774,0,1895,1382,238,0,0,1555210,0,123406,233,90
20949,34.00,30.131,0,1993,1382,241,0,0,1574257,0,123406,233,90
21067,34.00,28.976,0,2013,1382,241,0,0,1574257,0,123406,233,90
21186,34.00,29.670,0,2031,1382,241,0,0,1574257,0,123406,233,90
21306,34.00,29.529,0,2063,1381,241,0,0,1574257,0,133773,252,97
21426,34.00,28.497,0,2153,1381,243,0,0,1588778,0,133773,252,97
21546,34.00,30.082,0,2173,1381,243,0,0,1588778,0,133773,252,97
21666,34.00,30.066,0,2191,1381,243,0,0,1588778,0,133773,252,97
21843,34.00,30.002,88,851,1381,243,0,0,1588778,0,133773,252,97
21956,30.00,30.496,0,913,1381,245,0,0,1598198,0,133773,252,97
22075,30.00,30.265,0,943,1360,245,0,0,1598198,0,148569,279,107
22196,30.00,30.015,0,973,1382,245,0,0,1598198,0,148569,279,107
22326,30.00,30.555,0,1101,1382,245,2,0,1598198,0,148569,279,107
22442,30.00,30.425,0,1159,1382,250,0,0,1635950,0,148569,279,107
22564,30.00,30.235,0,1177,1382,250,0,0,1635950,0,148569,279,107
22683,30.00,30.085,0,1197,1382,250,0,0,1635950,0,148569,279,107
22805,30.00,31.416,0,1243,1382,251,0,0,1642733,0,148569,279,107
22927,33.00,34.725,0,1281,1358,251,0,0,1642733,0,168743,315,120
23046,33.00,30.080,0,1313,1382,251,0,0,1642733,0,168743,315,120
23164,33.00,29.526,0,1331,1382,251,0,0,1642733,0,168743,315,120
23290,33.00,32.526,0,1493,1382,255,0,0,1672348,0,168743,315,120
23409,33.00,30.086,0,1513,1382,255,0,0,1672348,0,168743,315,120
23528,33.00,30.089,0,1529,1382,255,0,0,1672348,0,168743,315,120
23647,33.00,29.615,0,1529,1382,255,0,0,1672348,0,168743,315,120
23783,33.00,30.105,0,1573,1343,256,0,9,1679803,0,185910,344,134
23899,33.00,30.162,0,1589,1355,256,0,0,1679803,0,197689,366,145
24016,33.00,30.116,0,1601,1379,256,0,0,1679803,0,197689,366,145
24146,33.00,30.015,0,1705,1380,256,3,0,1679803,0,197689,366,145
24266,33.00,35.315,0,1737,1380,261,0,0,1710124,0,197689,366,145
24387,33.00,29.987,0,1737,1380,261,0,0,1710124,0,197689,366,145
24509,33.00,30.136,0,1737,1380,261,0,0,1710124,0,197689,366,145
24632,33.00,30.335,0,1747,1380,261,0,0,1710124,0,197689,366,145
24753,33.00,30.457,0,1747,1380,261,0,0,1710124,0,197689,366,145
24888,33.00,30.719,0,1753,1362,261,0,0,1710124,0,207907,384,158
25005,33.00,31.223,0,1761,1381,261,0,0,1710124,0,207907,384,158
25133,33.00,32.861,0,1799,1381,262,0,0,1715004,0,207907,384,158
25259,33.00,32.763,0,1799,1381,262,0,0,1715004,0,207907,384,158
25388,33.00,32.326,0,1799,1381,262,0,0,1715004,0,207907,384,158
25519,33.00,40.962,0,1815,1367,262,0,0,1715004,0,222429,410,178
25646,33.00,30.859,0,1877,1382,263,0,0,1718939,0,222429,410,178
25776,33.00,37.230,0,1893,1366,263,0,0,1718939,0,237946,438,195
25904,33.00,31.680,0,1899,1381,263,0,0,1718939,0,237946,438,195
26040,31.00,31.656,0,1965,1381,263,2,0,1718939,0,237946,438,195
26159,31.00,32.953,0,1973,1381,266,0,0,1733918,0,242049,444,199
26287,31.00,33.225,0,1973,1382,266,0,0,1733918,0,242049,444,199
26414,31.00,32.379,0,1973,1382,266,0,0,1733918,0,242049,444,199
26531,31.00,31.821,0,2045,1356,266,0,0,1733918,0,258384,470,220
26639,31.00,30.667,97,1068,1362,269,0,0,1748703,0,258384,470,220
26758,31.00,31.940,0,1080,1382,269,0,0,1748703,0,258384,470,220
26890,31.00,33.111,0,1080,1382,269,0,0,1748703,0,258384,470,220
27022,29.00,34.216,0,1080,1382,269,0,0,1748703,0,258384,470,220
27123,29.00,33.222,0,1082,1382,269,0,0,1748703,0,258384,470,220
27253,29.00,33.633,0,1082,1382,269,0,0,1748703,0,258384,470,220
27385,29.00,34.499,0,1082,1382,269,0,0,1748703,0,258384,470,220
27527,29.00,43.244,0,1100,1358,269,0,0,1748703,0,281494,506,250
27634,29.00,35.907,0,1178,1376,271,0,0,1761890,0,281494,506,250
27764,29.00,31.946,0,1180,1381,271,0,0,1761890,0,281494,506,250
27866,29.00,34.870,0,1190,1369,271,0,0,1761890,0,291378,524,262
27997,29.00,32.232,0,1194,1381,271,0,0,1761890,0,291378,524,262
28106,29.00,34.538,0,1274,1381,271,0,0,1761890,0,291378,524,262
28233,29.00,32.541,0,1276,1381,274,0,0,1781313,0,291378,524,262
28365,29.00,32.449,0,1276,1381,274,0,0,1781313,0,291378,524,262
28499,29.00,33.576,0,1276,1381,274,0,0,1781313,0,291378,524,262
28605,29.00,32.318,0,1304,1381,274,0,0,1781313,0,291378,524,262
28746,29.00,33.583,0,1310,1356,275,0,3,1787186,0,302453,545,278
28869,29.00,33.850,0,1324,1380,275,0,0,1787186,0,304585,549,281
29004,30.00,34.650,0,1324,1382,275,0,0,1787186,0,304585,549,281
29109,30.00,33.123,0,1342,1382,275,1,0,1787186,0,304585,549,281
29239,30.00,33.527,0,1352,1382,276,0,0,1794257,0,304585,549,281
29343,30.00,39.535,0,1368,1367,276,0,0,1794257,0,319988,576,304
29451,30.00,35.960,0,1372,1381,276,0,0,1794257,0,319988,576,304
29570,30.00,35.097,0,1380,1353,276,0,10,1794257,0,329727,593,322
29698,30.00,35.917,0,1476,1371,279,0,0,1812541,0,337988,610,333
29802,30.00,34.319,0,1478,1378,279,0,0,1812541,0,337988,610,333
29903,30.00,34.130,0,1478,1378,279,0,0,1812541,0,337988,610,333
30003,29.00,32.966,0,1478,1378,279,0,0,1812541,0,337988,610,333
30140,29.00,35.028,0,1510,1378,279,0,0,1812541,0,337988,610,333
30269,29.00,32.538,0,1512,1378,280,0,0,1819228,0,337988,610,333
30382,29.00,34.557,0,1518,1352,280,0,8,1819228,0,346722,627,347
30505,29.00,33.279,0,1532,1376,280,0,0,1819228,0,351470,636,353
30645,29.00,32.092,0,1622,1380,280,2,0,1819228,0,351470,636,353
30770,29.00,32.605,0,1642,1380,284,0,0,1847410,0,351470,636,353
30899,29.00,31.724,0,1642,1380,284,0,0,1847410,0,351470,636,353
31029,30.00,32.578,0,1642,1380,284,0,0,1847410,0,351470,636,353
31159,30.00,32.937,0,1650,1380,284,0,0,1847410,0,351470,636,353
31284,30.00,31.910,0,1650,1380,284,0,0,1847410,0,351470,636,353
31418,30.00,42.187,0,1668,1356,284,0,0,1847410,0,369797,672,385
31546,30.00,32.960,0,1686,1363,284,0,0,1847410,0,378002,689,399
31670,30.00,31.337,0,1722,1377,285,0,0,1853180,0,378002,689,399
31794,30.00,30.122,0,1722,1377,285,0,0,1853180,0,378002,689,399
31919,30.00,30.876,0,1722,1377,285,0,0,1853180,0,378002,689,399
32043,32.00,32.411,0,1722,1377,285,0,0,1853180,0,378002,689,399
32166,32.00,30.287,0,1728,1377,285,0,0,1853180,0,378002,689,399
32286,32.00,30.147,0,1728,1377,285,0,0,1853180,0,378002,689,399
32390,32.00,30.288,0,1734,1353,285,0,8,1853180,0,385296,704,413
32503,32.00,31.503,0,1748,1377,285,0,0,1853180,0,389205,713,421
32625,32.00,30.352,0,1752,1380,285,0,0,1853180,0,389205,713,421
32744,32.00,29.869,0,1754,1380,285,0,0,1853180,0,389205,713,421
32864,32.00,29.882,0,1754,1380,285,0,0,1853180,0,389205,713,421
32986,33.00,30.183,0,1762,1380,285,0,0,1853180,0,389205,713,421
33106,33.00,29.961,0,1762,1380,285,0,0,1853180,0,389205,713,421
33212,33.00,29.507,0,1770,1346,285,0,11,1853180,0,400047,735,440
33325,33.00,31.049,0,1786,1370,285,0,0,1853180,0,406043,747,449
33448,33.00,30.087,0,1796,1380,285,0,0,1853180,0,406043,747,449
33565,33.00,30.203,0,1796,1380,285,0,0,1853180,0,406043,747,449
33686,33.00,29.766,0,1796,1380,285,0,0,1853180,0,406043,747,449
33806,33.00,29.942,0,1798,1380,285,0,0,1853180,0,406043,747,449
33926,33.00,30.386,0,1800,1380,285,0,0,1853180,0,406043,747,449
34034,33.00,29.931,0,1810,1341,285,0,11,1853180,0,419805,774,474
34145,33.00,30.287,0,1826,1365,285,0,0,1853180,0,425880,786,483
34268,33.00,35.195,0,1832,1379,285,0,0,1853180,0,425880,786,483
34390,33.00,31.749,0,1862,1379,287,0,0,1860329,0,425880,786,483
34506,33.00,29.584,0,1862,1379,287,0,0,1860329,0,425880,786,483
34626,33.00,29.615,0,1862,1379,287,0,0,1860329,0,425880,786,483
34754,33.00,29.817,0,1868,1369,287,0,0,1860329,0,431814,796,494
34866,33.00,30.461,0,1872,1382,287,0,0,1860329,0,431814,796,494
34986,33.00,30.253,0,1872,1382,287,0,0,1860329,0,431814,796,494
35111,33.00,36.117,0,1890,1365,287,0,0,1860329,0,447636,825,520
35232,33.00,30.102,0,1896,1382,287,0,0,1860329,0,447636,825,520
35350,33.00,28.763,0,1924,1382,288,0,0,1865114,0,447636,825,520
35472,33.00,29.830,0,1924,1382,288,0,0,1865114,0,447636,825,520
35594,33.00,30.132,0,1924,1382,288,0,0,1865114,0,447636,825,520
35724,33.00,30.295,0,1932,1362,288,0,0,1865114,0,458415,845,537
35831,33.00,29.080,0,1940,1382,288,0,0,1865114,0,458415,845,537
35951,33.00,29.992,0,1940,1382,288,0,0,1865114,0,458415,845,537
36073,33.00,30.228,0,1942,1382,288,0,0,1865114,0,458415,845,537
36192,33.00,29.757,0,1942,1382,288,0,0,1865114,0,458415,845,537
36313,33.00,30.044,0,1942,1382,288,0,0,1865114,0,458415,845,537
36432,33.00,29.814,0,1942,1382,288,0,0,1865114,0,458415,845,537
36538,33.00,30.118,0,1950,1355,288,0,4,1865114,0,470412,867,559
36647,33.00,30.192,0,1964,1379,288,0,0,1865114,0,473211,872,563
36768,33.00,30.030,0,1964,1382,288,0,0,1865114,0,473211,872,563
36889,33.00,30.172,0,1964,1382,288,0,0,1865114,0,473211,872,563
37009,33.00,30.252,0,1964,1382,288,0,0,1865114,0,473211,872,563
37129,33.00,29.891,0,1964,1382,288,0,0,1865114,0,473211,872,563
37249,33.00,29.642,0,1966,1382,288,0,0,1865114,0,473211,872,563
37357,33.00,30.441,0,1972,1346,288,0,14,1865114,0,485869,893,584
37468,33.00,29.832,0,1990,1370,288,0,0,1865114,0,493385,908,595
37586,33.00,29.244,0,1996,1382,288,0,0,1865114,0,493385,908,595
37705,33.00,29.781,0,1996,1382,288,0,0,1865114,0,493385,908,595
37825,33.00,30.031,0,1996,1382,288,0,0,1865114,0,493385,908,595
37945,33.00,30.089,0,2004,1382,288,0,0,1865114,0,498785,918,606
38068,33.00,30.611,0,2004,1382,288,0,0,1865114,0,498785,918,606
38189,33.00,30.441,0,2006,1382,288,0,0,1865114,0,498785,918,606
38310,33.00,29.951,0,2006,1382,288,0,0,1865114,0,498785,918,606
38439,33.00,37.115,0,2026,1365,288,0,0,1865114,0,514451,947,633
38561,33.00,30.405,0,2032,1382,288,0,0,1865114,0,514451,947,633
38683,33.00,31.086,0,2034,1382,288,0,0,1865114,0,514451,947,633
38807,33.00,30.559,0,2034,1382,288,0,0,1865114,0,514451,947,633
38913,33.00,29.922,0,2040,1362,288,0,0,1865114,0,525623,967,654
39030,32.00,31.436,0,2048,1381,288,0,0,1865114,0,525623,967,654
39157,32.00,30.579,0,2048,1381,288,0,0,1865114,0,525623,967,654
39283,32.00,30.419,0,2050,1381,288,0,0,1865114,0,525623,967,654
39411,32.00,31.882,0,2050,1381,288,0,0,1865114,0,525623,967,654
39541,32.00,33.156,0,2050,1381,288,0,0,1865114,0,525623,967,654
39669,32.00,31.918,0,2052,1381,288,0,0,1865114,0,525623,967,654
39800,32.00,32.052,0,2072,1372,288,0,0,1865114,0,540455,994,681
39929,31.00,31.220,0,2076,1382,288,0,0,1865114,0,540455,994,681
40029,31.00,32.284,0,2076,1382,288,0,0,1865114,0,540455,994,681
40160,31.00,31.919,0,2076,1382,288,0,0,1865114,0,540455,994,681
40263,31.00,34.052,0,2076,1382,288,0,0,1865114,0,540455,994,681
40394,31.00,34.580,0,2076,1382,288,0,0,1865114,0,540455,994,681
40619,31.00,33.900,75,1245,1346,288,0,8,1865114,0,556861,1021,782
40740,31.00,34.347,0,1263,1370,288,0,0,1865114,0,562674,1030,787
40841,31.00,32.968,0,1267,1382,288,0,0,1865114,0,562674,1030,787
40949,28.00,32.657,0,1273,1382,288,0,0,1865114,0,562674,1030,787
41086,28.00,33.688,0,1295,1372,288,0,1,1865114,0,568056,1038,795
41213,28.00,33.710,0,1315,1382,288,0,0,1865114,0,569230,1040,797
41315,28.00,34.756,0,1329,1382,288,0,0,1865114,0,569230,1040,797
41416,28.00,34.756,0,1343,1382,288,0,0,1865114,0,569230,1040,797
41518,28.00,35.038,0,1357,1382,288,0,0,1865114,0,569230,1040,797
41621,28.00,38.103,0,1387,1365,288,0,0,1865114,0,587621,1069,816
41723,28.00,33.918,0,1407,1382,288,0,0,1865114,0,587621,1069,816
41829,28.00,34.260,0,1423,1382,288,0,0,1865114,0,587621,1069,816
41932,28.00,36.202,0,1437,1382,288,0,0,1865114,0,587621,1069,816
42034,30.00,33.796,0,1451,1382,288,0,0,1865114,0,587621,1069,816
42136,30.00,34.848,0,1475,1369,288,0,0,1865114,0,598055,1088,831
42236,30.00,33.461,0,1493,1382,288,0,0,1865114,0,598055,1088,831
42338,30.00,33.555,0,1509,1382,288,0,0,1865114,0,598055,1088,831
42441,30.00,35.638,0,1523,1382,288,0,0,1865114,0,598055,1088,831
42545,30.00,36.457,0,1537,1382,288,0,0,1865114,0,598055,1088,831
42647,30.00,33.673,0,1551,1382,288,0,0,1865114,0,598055,1088,831
42748,30.00,35.291,0,1567,1382,288,0,0,1865114,0,598055,1088,831
42854,30.00,37.252,0,1581,1382,288,0,0,1865114,0,598055,1088,831
42992,29.00,42.214,0,1615,1367,288,0,0,1865114,0,612049,1115,851
43124,29.00,34.252,0,1639,1382,288,0,0,1865114,0,612049,1115,851
43226,29.00,35.394,0,1653,1382,288,0,0,1865114,0,612049,1115,851
43326,29.00,32.884,0,1667,1382,288,0,0,1865114,0,612049,1115,851
43429,29.00,34.031,0,1683,1382,288,0,0,1865114,0,612049,1115,851
43563,29.00,34.861,0,1703,1382,288,0,0,1865114,0,612049,1115,851
43663,29.00,31.549,0,1717,1382,288,0,0,1865114,0,612049,1115,851
43773,29.00,32.457,0,1743,1346,288,0,8,1865114,0,626720,1142,872
43898,29.00,35.322,0,1777,1370,288,0,0,1865114,0,631285,1151,877
44000,30.00,32.518,0,1795,1382,288,0,0,1865114,0,631285,1151,877
44125,30.00,31.310,0,1815,1382,288,0,0,1865114,0,631285,1151,877
44257,30.00,33.550,0,1831,1382,288,0,0,1865114,0,631285,1151,877
44357,30.00,31.981,0,1835,1372,288,0,1,1865114,0,634674,1159,885
44480,30.00,30.946,0,1839,1382,288,0,0,1865114,0,635694,1161,886
44609,30.00,33.372,0,1839,1382,288,0,0,1865114,0,635694,1161,886
44737,30.00,31.653,0,1839,1382,288,0,0,1865114,0,635694,1161,886
44837,30.00,37.958,0,1855,1365,288,0,0,1865114,0,650172,1190,915
44966,31.00,31.930,0,1863,1382,288,0,0,1865114,0,650172,1190,915
45090,31.00,31.087,0,1863,1382,288,0,0,1865114,0,650172,1190,915
45213,31.00,31.396,0,1863,1382,288,0,0,1865114,0,650172,1190,915
45336,31.00,30.617,0,1863,1382,288,0,0,1865114,0,650172,1190,915
45460,31.00,32.525,0,1879,1381,288,0,0,1865114,0,659027,1209,931
45581,31.00,29.920,0,1879,1382,288,0,0,1865114,0,659027,1209,931
45706,31.00,30.907,0,1879,1382,288,0,0,1865114,0,659027,1209,931
45829,31.00,30.314,0,1879,1382,288,0,0,1865114,0,659027,1209,931
45952,32.00,31.759,0,1879,1382,288,0,0,1865114,0,659027,1209,931
46073,32.00,30.629,0,1879,1382,288,0,0,1865114,0,659027,1209,931
46176,32.00,29.817,0,1887,1355,288,0,6,1865114,0,668696,1229,951
46288,32.00,30.347,0,1901,1379,288,0,0,1865114,0,671762,1236,958
46408,32.00,30.291,0,1903,1382,288,0,0,1865114,0,671762,1236,958
46530,32.00,30.078,0,1903,1382,288,0,0,1865114,0,671762,1236,958
46650,32.00,29.781,0,1903,1382,288,0,0,1865114,0,671762,1236,958
46771,32.00,29.724,0,1903,1382,288,0,0,1865114,0,671762,1236,958
46889,32.00,29.667,0,1903,1382,288,0,0,1865114,0,671762,1236,958
47027,33.00,29.791,0,1911,1346,288,0,10,1865114,0,684511,1261,983
47139,33.00,30.527,0,1927,1370,288,0,0,1865114,0,690187,1272,991
47261,33.00,30.042,0,1933,1382,288,0,0,1865114,0,690187,1272,991
47377,33.00,29.372,0,1933,1382,288,0,0,1865114,0,690187,1272,991
47499,33.00,30.379,0,1933,1382,288,0,0,1865114,0,690187,1272,991
47619,33.00,29.829,0,1941,1382,288,0,0,1865114,0,696121,1282,1002
47738,33.00,30.420,0,1941,1382,288,0,0,1865114,0,696121,1282,1002
47859,33.00,29.971,0,1941,1382,288,0,0,1865114,0,696121,1282,1002
47979,33.00,29.764,0,1943,1382,288,0,0,1865114,0,696121,1282,1002
48103,33.00,31.642,0,1963,1371,288,0,0,1865114,0,711943,1311,1029
48223,33.00,29.649,0,1965,1382,288,0,0,1865114,0,711943,1311,1029
48344,33.00,30.170,0,1967,1382,288,0,0,1865114,0,711943,1311,1029
48464,33.00,29.869,0,1967,1382,288,0,0,1865114,0,711943,1311,1029
48596,33.00,29.805,0,1973,1362,288,0,7,1865114,0,718866,1323,1041
48703,33.00,29.478,0,1983,1381,288,0,0,1865114,0,722722,1331,1048
48823,33.00,29.768,0,1983,1381,288,0,0,1865114,0,722722,1331,1048
48945,33.00,30.148,0,1983,1381,288,0,0,1865114,0,722722,1331,1048
49065,33.00,29.697,0,1985,1381,288,0,0,1865114,0,722722,1331,1048
49186,33.00,30.150,0,1985,1381,288,0,0,1865114,0,722722,1331,1048
49305,33.00,29.802,0,1985,1381,288,0,0,1865114,0,722722,1331,1048
49408,33.00,29.859,0,1993,1354,288,0,6,1865114,0,734205,1352,1070
49521,33.00,29.704,0,2007,1378,288,0,0,1865114,0,737518,1358,1075
49634,33.00,29.566,0,2007,1382,288,0,0,1865114,0,737518,1358,1075
49755,33.00,30.133,0,2007,1382,288,0,0,1865114,0,737518,1358,1075
49875,33.00,30.219,0,2007,1382,288,0,0,1865114,0,737518,1358,1075
49995,33.00,29.622,0,2007,1382,288,0,0,1865114,0,737518,1358,1075
50116,33.00,30.316,0,2009,1382,288,0,0,1865114,0,737518,1358,1075
50221,33.00,30.027,0,2017,1346,288,0,8,1865114,0,753013,1385,1100
50333,33.00,30.385,0,2033,1370,288,0,0,1865114,0,757692,1394,1107
50453,33.00,30.152,0,2037,1382,288,0,0,1865114,0,757692,1394,1107
50571,33.00,29.601,0,2037,1382,288,0,0,1865114,0,757692,1394,1107
50691,33.00,30.010,0,2037,1382,288,0,0,1865114,0,757692,1394,1107
50813,33.00,30.387,0,2045,1382,288,0,0,1865114,0,763092,1404,1118
50934,33.00,30.717,0,2045,1382,288,0,0,1865114,0,763092,1404,1118
51056,33.00,30.392,0,2047,1382,288,0,0,1865114,0,763092,1404,1118
51179,33.00,30.799,0,2047,1382,288,0,0,1865114,0,763092,1404,1118
51286,33.00,30.922,31,1274,1353,288,0,3,1865114,0,776625,1429,1170
51401,33.00,31.632,2,658,1377,288,0,0,1865114,0,778758,1433,1173
51525,33.00,32.202,0,658,1382,288,0,0,1865114,0,778758,1433,1173
51650,33.00,30.324,0,658,1382,288,0,0,1865114,0,778758,1433,1173
51785,33.00,31.202,0,666,1363,288,0,6,1865114,0,785429,1445,1184
51901,33.00,31.763,0,674,1382,288,0,0,1865114,0,789500,1452,1189
52028,32.00,30.580,0,674,1382,288,0,0,1865114,0,789500,1452,1189
52158,32.00,32.510,0,674,1382,288,0,0,1865114,0,789500,1452,1189
52286,32.00,32.610,0,674,1382,288,0,0,1865114,0,789500,1452,1189
52414,32.00,31.559,0,674,1382,288,0,0,1865114,0,789500,1452,1189
52542,32.00,32.173,0,674,1382,288,0,0,1865114,0,789500,1452,1189
52644,32.00,40.682,0,690,1367,288,0,0,1865114,0,804332,1479,1217
52773,32.00,31.617,0,696,1382,288,0,0,1865114,0,804332,1479,1217
52905,32.00,33.315,0,696,1382,288,0,0,1865114,0,804332,1479,1217
53037,30.00,33.887,0,696,1382,288,0,0,1865114,0,804332,1479,1217
53168,30.00,34.690,0,696,1382,288,0,0,1865114,0,804332,1479,1217
53301,30.00,34.431,0,696,1382,288,0,0,1865114,0,804332,1479,1217
53419,30.00,32.173,0,708,1346,288,0,13,1865114,0,817350,1501,1241
53542,30.00,34.363,0,722,1370,288,0,0,1865114,0,826551,1515,1252
53643,30.00,34.280,0,726,1382,288,0,0,1865114,0,826551,1515,1252
53745,30.00,33.502,0,728,1382,288,0,0,1865114,0,826551,1515,1252
53879,30.00,33.477,0,728,1382,288,0,0,1865114,0,826551,1515,1252
54011,30.00,33.186,0,736,1382,288,0,0,1865114,0,833107,1525,1262
54112,30.00,32.691,0,736,1382,288,0,0,1865114,0,833107,1525,1262
54216,30.00,34.862,0,738,1382,288,0,0,1865114,0,833107,1525,1262
54318,30.00,33.287,0,738,1382,288,0,0,1865114,0,833107,1525,1262
54437,30.00,34.745,0,744,1353,288,0,6,1865114,0,847323,1547,1286
54562,30.00,34.927,0,758,1377,288,0,0,1865114,0,851498,1554,1292
54663,30.00,33.359,0,760,1382,288,0,0,1865114,0,851498,1554,1292
54768,30.00,33.598,0,760,1382,288,0,0,1865114,0,851498,1554,1292
54872,30.00,34.360,0,760,1382,288,0,0,1865114,0,851498,1554,1292
55011,29.00,37.926,0,774,1375,288,0,0,1865114,0,861909,1573,1316
55111,29.00,34.109,0,774,1382,288,0,0,1865114,0,861909,1573,1316
55212,29.00,34.563,0,774,1382,288,0,0,1865114,0,861909,1573,1316
55316,29.00,33.363,0,776,1382,288,0,0,1865114,0,861909,1573,1316
55416,29.00,33.116,0,776,1382,288,0,0,1865114,0,861909,1573,1316
55516,29.00,32.534,0,776,1382,288,0,0,1865114,0,861909,1573,1316
55620,29.00,35.663,0,776,1382,288,0,0,1865114,0,861909,1573,1316
55768,29.00,33.927,0,784,1355,288,0,11,1865114,0,870266,1588,1334
55891,29.00,34.905,0,798,1379,288,0,0,1865114,0,875903,1600,1344
55992,30.00,33.434,0,798,1382,288,0,0,1865114,0,875903,1600,1344
56098,30.00,36.335,0,798,1382,288,0,0,1865114,0,875903,1600,1344
56228,30.00,33.965,0,798,1382,288,0,0,1865114,0,875903,1600,1344
56328,30.00,30.992,0,800,1382,288,0,0,1865114,0,875903,1600,1344
56459,30.00,32.862,0,800,1382,288,0,0,1865114,0,875903,1600,1344
56559,30.00,32.773,0,800,1382,288,0,0,1865114,0,875903,1600,1344
56666,30.00,42.409,0,816,1358,288,0,0,1865114,0,895139,1636,1380
56767,30.00,33.624,0,828,1376,288,0,0,1865114,0,895139,1636,1380
56869,30.00,31.664,0,828,1382,288,0,0,1865114,0,895139,1636,1380
56995,30.00,32.633,0,828,1382,288,0,0,1865114,0,895139,1636,1380
57129,30.00,31.185,0,834,1372,288,0,1,1865114,0,898528,1644,1388
57250,30.00,31.393,0,836,1382,288,0,0,1865114,0,899548,1646,1390
57376,30.00,31.494,0,836,1382,288,0,0,1865114,0,899548,1646,1390
57506,30.00,31.647,0,836,1382,288,0,0,1865114,0,899548,1646,1390
57616,30.00,30.543,0,844,1353,288,0,10,1865114,0,907532,1664,1406
57732,30.00,31.856,0,860,1377,288,0,0,1865114,0,914026,1675,1415
57858,30.00,30.288,0,860,1382,288,0,0,1865114,0,914026,1675,1415
57985,31.00,30.629,0,860,1382,288,0,0,1865114,0,914026,1675,1415
58107,31.00,31.021,0,860,1382,288,0,0,1865114,0,914026,1675,1415
58230,31.00,30.432,0,876,1381,288,0,0,1865114,0,922881,1694,1430
58357,31.00,30.988,0,876,1382,288,0,0,1865114,0,922881,1694,1430
58479,31.00,30.765,0,876,1382,288,0,0,1865114,0,922881,1694,1430
58602,31.00,30.274,0,878,1382,288,0,0,1865114,0,922881,1694,1430
58727,31.00,30.229,0,878,1382,288,0,0,1865114,0,922881,1694,1430
58849,31.00,30.489,0,878,1382,288,0,0,1865114,0,922881,1694,1430
58954,32.00,29.989,0,884,1355,288,0,5,1865114,0,933015,1715,1454
59068,32.00,33.486,0,898,1379,288,0,0,1865114,0,935616,1721,1459
59188,32.00,29.932,0,898,1382,288,0,0,1865114,0,935616,1721,1459
59310,32.00,30.121,0,900,1382,288,0,0,1865114,0,935616,1721,1459
59431,32.00,30.178,0,900,1382,288,0,0,1865114,0,935616,1721,1459
59551,32.00,29.828,0,900,1382,288,0,0,1865114,0,935616,1721,1459
59673,32.00,30.526,0,900,1382,288,0,0,1865114,0,935616,1721,1459
59782,32.00,30.051,0,910,1346,288,0,11,1865114,0,947832,1745,1482
59893,32.00,31.319,0,926,1370,288,0,0,1865114,0,954041,1757,1492
60520,33.00,30.171,0,1176,1382,288,0,850,1865114,0,1532198,2288,2059
